Name,Quadratmeter,Preis,Zimmer,Link
1 Zimmer Möblierte Wohnung In Heilbronner Innenstadt,Von Privat,690 €,Von Privat,https://www.kleinanzeigen.de/s-anzeige/1-zimmer-moeblierte-wohnung-in-heilbronner-innenstadt/3142083579-203-9245
"Neubau!!! Moderne 2-Zimmer-Wohnung, 70 m² in HN-Böckingen",Von Privat,1.100 €,Von Privat,https://www.kleinanzeigen.de/s-anzeige/neubau-moderne-2-zimmer-wohnung-70-m-in-hn-boeckingen/3142018859-203-9246
"Heilbronn - schöne 2,5 Zi. Loftwohnung mit Balkon, EBK, Keller",Von Privat,1.280 €,Von Privat,https://www.kleinanzeigen.de/s-anzeige/heilbronn-schoene-2-5-zi-loftwohnung-mit-balkon-ebk-keller/3124833967-203-9241
Frisch renoviertes Apartment mit unverbaubarer Aussicht ins Grüne,Von Privat,"670 €
                                            
                                                680 €",Von Privat,https://www.kleinanzeigen.de/s-anzeige/frisch-renoviertes-apartment-mit-unverbaubarer-aussicht-ins-gruene/3141539077-203-9240
"Kirchhausen 4,5 Zi., hochw. Ausstattung mit EBK, Balkon, Garage",Von Privat,1.490 €,Von Privat,https://www.kleinanzeigen.de/s-anzeige/kirchhausen-4-5-zi-hochw-ausstattung-mit-ebk-balkon-garage/3127463744-203-29856
3-Zimmer Wohnung mit Balkon in Heilbronn Charlottenstraße,Von Privat,980 €,Von Privat,https://www.kleinanzeigen.de/s-anzeige/3-zimmer-wohnung-mit-balkon-in-heilbronn-charlottenstrasse/3141748939-203-9241
Wg Zimmer in Sontheim Heilbronn,Von Privat,440 €,Von Privat,https://www.kleinanzeigen.de/s-anzeige/wg-zimmer-in-sontheim-heilbronn/3141662854-203-9246
2-Zimmer-Kellerwohnung in kernsaniertem Haus-für Einzelperson,Von Privat,680 €,Von Privat,https://www.kleinanzeigen.de/s-anzeige/2-zimmer-kellerwohnung-in-kernsaniertem-haus-fuer-einzelperson/3141586741-203-9245
WG Zimmer - Heilbronn Böckingen,Von Privat,400 €,Von Privat,https://www.kleinanzeigen.de/s-anzeige/wg-zimmer-heilbronn-boeckingen/3141540661-203-9247
Nachmieter gesucht: 2-Zimmer Wohnung in Heilbronn Sontheim,Von Privat,700 €,Von Privat,https://www.kleinanzeigen.de/s-anzeige/nachmieter-gesucht-2-zimmer-wohnung-in-heilbronn-sontheim/3141316260-203-9246
2-Zimmer-Einliegerwohnung in HN-Neckargartach,Von Privat,620 €,Von Privat,https://www.kleinanzeigen.de/s-anzeige/2-zimmer-einliegerwohnung-in-hn-neckargartach/3141359159-203-9239
"Vermiete eine 2,5 Zimmer Dachgeschosswohnung",Von Privat,850 €,Von Privat,https://www.kleinanzeigen.de/s-anzeige/vermiete-eine-2-5-zimmer-dachgeschosswohnung/3141236726-203-9247
DG Wohung  zu vermieten 85m2 kernsaniert 3 Zimmer sehr zentral,Von Privat,1.000 €,Von Privat,https://www.kleinanzeigen.de/s-anzeige/dg-wohung-zu-vermieten-85m2-kernsaniert-3-zimmer-sehr-zentral/3141235827-203-9247
3-Zimmer-Wohnung mit Balkon in Heilbronn,Von Privat,920 €,Von Privat,https://www.kleinanzeigen.de/s-anzeige/3-zimmer-wohnung-mit-balkon-in-heilbronn/3141146188-203-9245
Wg Zimmer in Sontheim Heilbronn,Von Privat,"340 €
                                            
                                                360 €",Von Privat,https://www.kleinanzeigen.de/s-anzeige/wg-zimmer-in-sontheim-heilbronn/3141097082-203-9246
WG-Wohnung mit Loggia & Tageslichtbad in ruhiger Lage – Heilbronn,Von Privat,650 €,Von Privat,https://www.kleinanzeigen.de/s-anzeige/wg-wohnung-mit-loggia-tageslichtbad-in-ruhiger-lage-heilbronn/3141065072-203-9245
Wohnung zu mieten,Von Privat,1.250 €,Von Privat,https://www.kleinanzeigen.de/s-anzeige/wohnung-zu-mieten/3124598733-203-9241
DG Wohung  zu vermieten 85m2 kernsaniert 3 Zimmer sehr zentral,Von Privat,1.000 €,Von Privat,https://www.kleinanzeigen.de/s-anzeige/dg-wohung-zu-vermieten-85m2-kernsaniert-3-zimmer-sehr-zentral/3140912995-203-9247
3 Zimmer Wohnung  Top gepflegt  Heilbronn  - Kirchhausen,Von Privat,980 €,Von Privat,https://www.kleinanzeigen.de/s-anzeige/3-zimmer-wohnung-top-gepflegt-heilbronn-kirchhausen/3140868985-203-9239
5-Zimmer-Wohnung in Heilbronn-Sontheim *Ideal für Familien*,Von Privat,1.200 €,Von Privat,https://www.kleinanzeigen.de/s-anzeige/5-zimmer-wohnung-in-heilbronn-sontheim-ideal-fuer-familien-/3140546170-203-9246
3-Zimmer-Wohnung in Obereisesheim-Neckarsulm zu vermieten,Von Privat,750 €,Von Privat,https://www.kleinanzeigen.de/s-anzeige/3-zimmer-wohnung-in-obereisesheim-neckarsulm-zu-vermieten/3140436335-203-9246
Wohnung / Wohnprojekt,Von Privat,915 €,Von Privat,https://www.kleinanzeigen.de/s-anzeige/wohnung-wohnprojekt/3140315921-203-9245
"Schöne 3,5-Zimmerwohnung in den Wartbergvillen Heilbronn",Von Privat,1.090 €,Von Privat,https://www.kleinanzeigen.de/s-anzeige/schoene-3-5-zimmerwohnung-in-den-wartbergvillen-heilbronn/3125505440-203-9240
HN-Ost 2-Zimmer Wohnung mit Balkon und EBK,Von Privat,850 €,Von Privat,https://www.kleinanzeigen.de/s-anzeige/hn-ost-2-zimmer-wohnung-mit-balkon-und-ebk/3139870346-203-9241
Attraktive Dachgeschosswohnung in HN-Sontheim ab 01.11.2025,Von Privat,1.200 €,Von Privat,https://www.kleinanzeigen.de/s-anzeige/attraktive-dachgeschosswohnung-in-hn-sontheim-ab-01-11-2025/3139587387-203-9246
